event_id,scenario,t0_us,t1_us,t2_us,t3_us,t4_us,lost,d_EventToRun_us,d_ButtonExec_us,d_QueueWait_us,d_UartTx_us,d_Total_us,ready_wait_us,ready_wait_task,bt_exec_us,bt_n_preempt,bt_preempt_us,tx_n_preempt,tx_preempt_us
1,S0,899402353,899402379,899402430,899402479,899408039,0,26,51,49,5560,5686,16,O,51,0,0,0,0
2,S0,901225004,901225031,901225082,901225131,901230691,0,27,51,49,5560,5687,17,O,51,0,0,0,0
3,S0,902703930,902703956,902704007,902704056,902709616,0,26,51,49,5560,5686,16,O,51,0,0,0,0
4,S0,903841320,903841347,903841397,903841446,903847006,0,27,50,49,5560,5686,17,O,50,0,0,0,0
5,S0,904035590,904035617,904035668,904035717,904041277,0,27,51,49,5560,5687,17,O,51,0,0,0,0
6,S0,904236332,904236358,904236409,904236458,904242018,0,26,51,49,5560,5686,16,O,51,0,0,0,0
7,S0,904417100,904417126,904417177,904417229,904422790,0,26,51,52,5561,5690,16,O,51,0,0,0,0
8,S0,904597311,904597337,904597388,904597437,904602997,0,26,51,49,5560,5686,16,O,51,0,0,0,0
9,S0,905959476,905959503,905959554,905959606,905965166,0,27,51,52,5560,5690,17,O,51,0,0,0,0
10,S0,906200092,906200118,906200169,906200218,906205782,0,26,51,49,5564,5690,16,O,51,0,0,0,0
